название.объекта,POINT_X,POINT_Y,labels
"Здание кадетского корпуса, в котором в 1890-1898 гг. учились Герой Советского Союза генерал-лейтенант Карбышев Дмитрий Михайлович и в 1898-1905 гг. Куйбышев Валериан Владимирович",73.377644,54.977532,1
Кирха,73.369434,54.984326,1
Казачий Никольский собор,73.379657,54.97764,1
Общественное здание,73.371778,54.984997,1
Тобольские ворота Омской крепости,73.358681,54.98774,1
"Здание Управления Омской железной дороги, в котором в январе - марте 1922 г. по заданию Совета труда и обороны работал Дзержинский Феликс Эдмундович",73.384346,54.969393,1
Бюст Д.М.Карбышева,73.38518051,54.98364915,1
Здание Военного собрания,73.369542,54.985101,1
Здание гауптвахты,73.368383,54.985292,1
Спасский собор,74.384126,56.896204,1
Кирха,73.369434,54.984326,1
Казачий Никольский собор,73.379657,54.97764,1
Спасский собор,74.384126,56.896204,1
Лютеранская кирха во имя Святой Екатерины,73.36917,54.98389,1
"Николая Чудотворца (новая), церковь",73.379332,54.987847,1
Окунево ,71.94069,57.381376,1
Шайтан-озеро,74.892375,56.490013,1
Московские торговые ряды,73.374518,54.984811,13
"Производственный корпус пивзавода, XIX век",73.357998,54.994223,13
Здание военного суда,73.367655,54.986971,13
Здание флигеля,73.357998,54.994223,13
Лазарет кадетского корпуса,73.37762254,54.97694576,13
Банк Сибирский,73.378857,54.976411,13
Жилой дом,73.367098,54.987523,13
Труба дымовая,73.357998,54.994223,13
Дом жилой офицеров Омского военного округа,73.368697,54.987513,13
Памятник М.В.Фрунзе,73.377644,54.977532,13
Дом купчихи А.Г.Волковой,73.369065,54.987947,13
"Здание Главного управления Западной Сибири, в котором в 1826 - 1842 гг. работали ссыльные декабристы",73.362598,54.991459,13
Здание драмтеатра 1905 г.,73.371482,54.987983,13
"Мемориал воинам-сибирякам, героическим защитникам Родины в годы Великой Отечественной войны, созданный к 30-летию Победы",73.358879,54.961398,13
"Стела в память рабочих и ученых Сибирского научно-исследовательского института сельского хозяйства, павшим в годы Великой Отечественной войны 1941-1945 гг.",73.367871,54.988371,13
"Мемориал воинам-сибирякам, героическим защитникам Родины в годы Великой Отечественной войны, созданный к 30-летию Победы",73.358879,54.961398,88
Памятный знак Омская крепость,73.370297,54.981213,13
Atrium Kino,73.388857,54.984139,48
Galaktika,73.387937,54.948807,78
Mayak,73.285926,54.997097,48
PKIO im. 30-letia VLKSM,73.413335,54.972423,48
Pervomaisky,73.315133,55.04433,48
Kontinent,73.322875,54.977395,48
Rubin,73.412042,54.949427,78
Kristall,73.284552,55.028655,48
Omsk State Musical Theater,73.38293,54.982461,48
Bolsherechenskiy gosudarstvenniy im. V. D. Solomatina Zoo,74.642304,56.08965,48
Omsk State Drama Theater Pyatyy Teatr,73.329373,55.012766,48
Galerka,73.414292,54.952465,78
Philharmonic Concert Hall,73.379007,54.977102,88
Omsk State Academic Drama Theater,73.371232,54.987923,88
Rubin,73.412042,54.949427,78
Red Star,73.424286,54.97448,78
Птичья гавань,73.343327,54.972949,90
Баировский,72.98804589,56.09311161,52
Птичья гавань,73.351423,54.971617,90
Степной,75.5169215,54.54226961,19
"Особняк Пяткова, памятних архитектуры",74.373822,56.901848,15
Дом Шаинского,74.371801,56.901258,15
"Памятник землякам, погибшим в годы Великой Отечественной войны",74.371981,56.901838,15
Памятник В.И.Ленину,74.371981,56.901838,15
"Могила воина-красноармейца, погибшего в ноябре 1919 года при  освобождении г. Тары",74.371981,56.901838,15
Санаторий «Колос»,73.142322,55.338827,35
"Здание фирмы ""Вогау и К'""",73.372793,54.984656,9
"Крестовоздвиженская церковь, вторая половина XIX века",73.368706,54.997187,9
Пожарная каланча,73.370898,54.991527,9
Здание бывшего географического общества,73.372425,54.9857,9
"Здание страхового товарищества ""Саламандра""",73.372811,54.985028,9
Гостиница «Сибирь»,73.377258,54.979748,9
Дом купчихи Пятковой,74.374478,56.901277,15
Дом жилой А.Н.Успенского,73.369146,54.997796,9
Производственный корпус обувной фабрики. Модерн. промышл. архитектуры,73.367574,54.991439,9
Штаб Омского военного округа,73.366182,54.984445,9
Пороховой погреб,73.367412,54.983665,9
Финансовый техникум,73.37164791,54.98492865,9
Дом И.Мельникова,73.377599,54.974633,9
Здание - Дом пионеров,73.378156,54.974897,9
"Дом доходный Д.Рычкова, в котором размещалась частная женская гимназия Н.Ф.Шанской",73.368877,54.997843,9
Водонапорная башня,73.393167,54.945909,83
Дом жилой офицеров Омского военного округа,73.366748,54.985901,9
"Дворец культуры Нефтяников, архитектурный памятник 60-х годов",73.277806,55.030096,9
"Здание товарищества Российско-Американской резиновой мануфактуры ""Треугольник""",73.373359,54.984512,11
"Братская могила, в которой похоронены участники вооруженного восстания 22 декабря 1918 года. На могиле установлен памятник",73.37752731,54.98104216,11
Здание бывшего механико-технологического училища,73.382477,54.968029,11
Купеческий особняк,73.378084,54.975093,11
Деревянный дом в пос. Большеречье,74.640352,56.094208,16
Деревянный дом в пос. Большеречье,74.640855,56.095042,16
Здание,73.384067,54.939165,83
Казарма,73.36467526,54.98494908,11
"Дом, где в 1918 году размещалась секция Омской  организации венгров-интернационалистов",73.37982946,54.97511639,11
"Комплекс зданий акционерного общества сельскохозяйственных машин ""Р. и Т.Эльворти"" 1911-1914 гг.",73.368895,54.990328,11
"Дом Носкова, памятник архитектуры XIX век",74.37597663,56.901238,15
"Инженерная мастерская, 1843 г. ",73.36469136,54.98493058,11
Казарма Омского военного округа,73.36464844,54.984946,11
Товарищество Тверской мануфактуры,73.373359,54.984512,11
"Дом, где в годы Великой Отечественной войны размещалась школа юнг, эвакуированная из Ленинграда",74.36770452,56.90334867,15
Каменное здание,74.377712,56.900771,15
Дом купца Немчинова,74.378098,56.904197,15
Цейхгауз артиллерийский с церковью Преображения,73.36197876,54.98577839,11
Дом Щербакова,74.379562,56.900378,15
Каменное здание,74.386354,56.896362,17
Деревянный дом в пос. Большеречье,74.640855,56.095042,16
Новониколаевская церковь,73.374015,54.933884,83
Каменное здание,74.377083,56.900933,15
Флигель,73.382477,54.968029,11
"Здание бывшего управления сибирских казаков, в котором работали путешественники Г.Н.Потапов и казахский просветитель Чокан Валиханов",73.38007,54.976375,11
Памятник архитектуры стиля модерн,73.378803,54.97483,11
"Здание конторы акционерного общества сельскохозяйственных машин ""Р. и Т.Эльворти"".",73.368895,54.990328,11
"Здание бывшей гостиницы ""Европа"", где в 1917 году размещался городской комитет РСДРП (б)",73.377258,54.979748,11
Дом жилой,73.36885,54.996588,61
Дом жилой,73.369128,54.996655,61
Ансамбль центральной электрической станции: Водозаборник,73.369766,54.983262,11
Ансамбль центральной электрической станции: Станция водонасосная,73.369766,54.983262,11
Могила Ломова Андрея Михайловича (1918) - первого председателя Исилькульского Совета,71.266945,54.911844,10
"Братская могила 10 красногвардейцев, растрелянных белогвардейцами в 1918 г.",71.266945,54.911844,10
"Крестовоздвиженская церковь, вторая половина XIX века",73.368706,54.997187,35
Новониколаевская церковь,73.374015,54.933884,83
Берег Драверта,73.461807,55.484743,93
Берег Черского,73.40579301,54.83726019,93
Крутинские озёра,71.707368,56.114861,53
Озеро Ульжанай,75.106837,54.253173,19
Озеро Эбейты,71.73736206,54.64338782,10
Пеликаньи острова,71.999028,56.175991,53
"Комендантский дом, построенный в 1799 г.",73.36849,54.984377,55
"Здание мужской гимназии, в которой в 1893-1901 гг. учились академики Иван Михайлович Майский и Усов Михаил Антонович",73.368868,54.988846,55
Дом жилой И.Е. Имянинникова,73.380806,54.987239,43
Жилой  дом,73.391703,54.981598,77
Жилой дом,73.388765,54.978653,5
Жилой дом,73.39403,54.990318,5
Бюст В.В. Куйбышева,73.99195601,54.88011354,41
Казарма 43-го Стрелкового полка,73.370763,54.982802,55
"Памятник Герою Советского Союза Петру Осьминину, скульптор Бабаева",74.58545888,55.04964213,58
Жилой дом,73.389269,54.975982,5
Дом жилой И.А. Каргенюк,73.360882,54.993696,30
Дом жилой Омского военного округа,73.36902,54.986852,55
Деревянный дом в пос. Большеречье,74.641295,56.097241,16
"Обелиск землякам, погибшим в годы Великой Отечественной войны 1941-1945 гг.",74.08980811,55.00296142,58
"Здание, где с 05.03.17 по 07.06.1918 гг. находились Омский городской Совет рабочих и солдатских депутатов, в 1918 г. -редакция венгерской большевистской газеты «Форрадалом» и в 1919 году Сибревком",73.378453,54.98043,43
"Обелиск в честь воинов 3 и 5 армий, освободивших г. Омск от колчаковцев",73.339143,55.010354,67
Дома купца Липатникова,73.376072,54.988598,45
Здание городской санитарно-эпидемиологической станции с флигелем во дворе,73.377249,54.99478,44
Бывшее здание управления контроля Омской железной дороги,73.392736,54.983603,5
Здание РОВД Куйбышевского района,73.384561,54.986304,43
"Монумент воину-освободителю, посвященный землякам, погибшим в годы Великой Отечественной войны 1941-1945 гг.",74.63834229,56.09208892,16
Дом жилой Проскуряковой,73.389484,54.97855,5
"Дом, где размещалась в 1919-1920 гг. редакция газеты ""Советская Сибирь"". Здесь работал Е. Ярославский, писатели В. Иванов, Л. Сейфулина и др.",73.379252,54.987611,43
Здание бывшей судебной палаты,73.391712,54.982006,5
Здание бывшего первоначального городского училища,73.366002,55.000688,64
Магазин А.Т. Евдокимова,73.372012,54.996175,44
Дом жилой Михайлова,73.379926,54.971755,82
"Памятник землякам, погибшим в годы Великой Отечественной войны 1941-1945 гг.",73.029466,54.703894,3
Особняк,73.387086,54.986,18
Здание бывшего общественного собрания,73.378022,54.978777,43
Жилой дом,73.390939,54.978281,5
Жилой дом,73.391775,54.984863,5
Жилой дом,73.389709,54.981433,5
Жилой дом,73.390248,54.98149,5
Здание института усовершенствования учителей,73.379387,54.985974,43
Памятник В.И. Ленину,71.35276872,55.563971,53
Магазин,72.192766,55.875834,21
Дом жилой М.Бубенова,73.382028,54.981107,43
Городской торговый корпус. Здесь проходил I губернский съезд РКСМ,73.372479,54.988443,55
"Здание первой избы-читальни, открытой в 1926 г.",71.762464,54.363969,10
Дом доходный Н.А.Гутермахера и Лермана,73.3910948,54.98423404,5
Дом доходный В.И.Зайцева,73.374509,54.990437,55
Особняк,73.389484,54.97855,18
Дом Эннса,73.379324,54.986196,43
Дом военного ведомства,73.367107,54.983417,55
Жилой дом,73.378102,54.994889,44
Здание бывшего пограничного управления,73.362112,54.992616,30
Здание,73.393419,54.970608,23
Жилой дом,73.391784,54.97483,5
Училище Еврейское,73.388514,54.981469,42
Здание станции скорой помощи Центрального района,73.375758,54.993789,44
Памятник В.И. Ленину,75.07172352,54.84061224,26
"Обелиск землякам, погибшим на фронтах Великой Отечественной войны",74.364938,55.372038,26
Дворец культуры ОМПО им. П.М.Баранова,73.41330354,54.95979235,39
Дом ямщика,72.188661,55.870824,21
Жилой дом,73.390823,54.981789,5
Жилой дом,73.383573,54.977697,5
Здание Центрального райотдела,73.379504,54.986867,43
Больница городская,73.37772571,54.99533566,44
Здание,73.370512,54.992751,23
Дом жилой,73.378938,54.974401,61
"Обелиск землякам, погибшим в годы Великой Отечественной войны 1941-1945 г.",71.93569709,54.93956436,57
Дом жилой Е.И.Новоселова (Мануйлова),72.185346,55.872556,21
Дом жилой Л.Г.Айзина,73.373503,55.006167,64
"Здание конторы акционерного общества с/х машин ""Гельферих-Саде""",73.368859,54.991583,30
Дом жилой И.И.Лонщакова,73.378318,54.995085,44
Жилой дом,73.391703,54.981598,5
Клуб биофабрики,73.45073863,54.99010935,39
Здание больницы,73.350093,55.004964,67
Жилой дом,73.391703,54.981598,5
Дом жилой купца А.И.Тарасова,72.190386,55.872334,21
Дом жилой,73.384597,54.985297,61
Жилой дом,73.390553,54.980208,5
Здание бывшего Кадышевского почтово-телеграфного отделения,73.36841,54.99368,30
"Дом, в котором жил  А.Ф.Палашенков, известный омский краевед",73.391254,54.98025,5
Особняк купцов Обуховых,75.23198627,56.37387599,4
Дом врача А.И.Лейбовича,73.389475,54.982564,42
Здание бывшей конторы акционерного общества с/х машин,73.368868,54.992126,30
Здание водоподъемной станции,73.380276,54.969698,82
Жилой дом,73.389529,54.981402,5
"Обелиск в память земляков, погибших в годы Великой Отечественной войны 1941-1945 гг",71.34968954,55.565187,53
Памятник Петру Сергеевичу Комиссарову - первому сибирскому садоводу,73.60322,54.765597,41
Особняк,73.377519,54.975233,18
Дом Хлебникова А.И.,73.386942,54.981366,42
Дом жилой Л.П.Голуба,73.392736,54.983603,42
Жилой дом,73.392583,54.97825,12
Особняк,73.393482,54.977537,18
Фельдшерская школа,73.372479,54.988443,55
"Дом, в котором жил авиаконструктор А.Н.Туполев",73.383483,54.97114,82
Особняк,73.387086,54.986,18
Покровская церковь,74.60956089,55.07784151,26
Особняк,73.389897,54.978565,18
Особняк,73.387086,54.986,18
Жилой дом,73.391218,54.978653,12
"Обелиск землякам, погибшим в годы Великой Отечественной войны 1941-1945 гг.",75.30087988,56.94912809,69
Жилой  дом,73.390939,54.978622,77
Дом доходный,73.376297,54.994429,44
Жилой особняк,73.373566,54.993975,44
Дом жилой служащих казначейства,72.196764,55.873137,21
Жилой дом,73.391101,54.981515,5
Особняк,73.389475,54.981076,18
Дом заводчика Куликова,73.398665,54.984744,42
Особняк,73.353075,54.995725,38
Доходный дом в стиле модерн,73.379315,54.987141,43
Дом купца Хабарова,73.355474,54.999594,38
Здание управления земледелия и государственных имуществ Акмолинской и Семипалатинской областей,73.365041,54.992518,30
Жилой дом,73.393374,54.990091,42
Особняк,73.394605,54.979149,18
Здание редакции Омского книжного издательства,73.360424,54.990643,38
"Братская могила, в которой захоронены 75 партизан, погибших  в боях под Унарами в июне 1919 года",74.89978888,57.05217016,69
Контора завода Поклевского-Козелл,73.343275,55.004298,67
Здание,73.376144,54.980642,23
Особняк купеческий,73.390661,54.977222,75
"Дом, в котором жил организатор партизанского движения на севере Омской области Артём Иванович  Избышев",75.294568,56.951518,69
Магазин кондитерский Иордана,73.363936,55.001416,64
"Обелиск партизанам, погибшим в годы Гражданской войны",76.15512383,56.92104124,0
Бывшее здание Шкроевской церкви,73.39623,54.991568,42
"Здание амбулатории переселенческого врачебного участка, основанного в 1908 г.",71.767522,54.364928,10
Здание бывшей частной городской школы,73.366451,54.997471,64
Место расстрела партизан колчаковцами у с. Рагозино,75.992613,56.932968,0
Архиерейский дом (перестроен); НКВД по Омской области,73.366891,54.98900585,30
Дом жилой С.М.Иванова,73.365382,54.996108,64
"Здание управления ""Омскхлебпром""",73.378884,54.971662,82
"Гостиница ""Россия""",73.366891,54.988975,30
Старый корпус ТЭЦ-I,73.370763,54.982802,43
Жилой дом А.М.Панова,73.395997,54.978415,77
Особняк,73.388774,54.96866,18
Дом Шкроева,73.392664,54.989992,42
Дом жилой при казенном винном складе,73.35719,54.995028,38
Жилой дом,73.390939,54.978281,12
Жилой дом,73.391703,54.981598,12
Здание бывшего управления заведений Акмолинского переселенческого района,73.365625,54.999898,64
Здание финансового управления облисполкома,73.353345,54.998313,38
Дом жилой М.А.Шаниной,73.408618,54.944849,39
Особняк,73.360981,54.990716,38
Особняк,73.356516,54.992322,38
Дом жилой,73.37563754,54.98036756,61
Особняк купца Вольфа,71.51357146,56.01076101,89
Памятник В.И. Ленину,74.58149253,55.05202068,58
Магазин купца П.А.Бокарева,72.193871,55.873198,21
Жилой дом,73.390885,54.980198,12
"Памятник землякам, погибшим в годы Великой Отечественной войны 1941-1945 гг.",72.195461,55.870258,21
Жилой дом,73.391442,54.978984,12
Тюрьма,72.193278,55.865515,21
Здание бывшей контрольной палаты,73.362364,54.990416,30
Тюремная больница,72.193278,55.865515,21
Тюремный замок,72.193278,55.865515,21
Особняк,73.377375,54.975848,18
"Братская могила 17 крестьян, расстрелянных 21 августа 1919 года карателями",71.05742757,55.48985566,52
Здание управления связи,73.372317,54.995596,44
"Братская могила советских активистов, расстрелянных колчаковцами в 1920 г.",75.57182088,56.45930221,79
"Дом Я.С.Долженко, в котором размещалось  9-е мужское училище",73.368841,54.992405,30
Жилой дом,73.390939,54.978281,12
Жилой  дом,73.391469,54.978669,77
Жилой дом,73.390167,54.978875,12
Жилой дом,73.391362,54.978297,12
Дом жилой Г.В.Егорова,73.378138,54.988071,43
Прачечная,72.193278,55.865515,21
Здание бывшего городского 4-классного начального училища,73.396401,54.985891,42
Педагогический институт,73.374051,54.983959,43
Столовая,72.193278,55.865515,21
Синагога,73.388514,54.981469,12
Дом Мартынова,73.392655,54.978415,77
"Памятник борцам за власть Советов Н.И. Калошину и П.М. Плоцкому, погибшим от рук белогвардейцев в 1919 г.",72.96167,56.196171,51
Жилой дом,73.389304,54.975853,12
Особняк,73.378013,54.994703,94
Особняк,73.3851,54.981278,18
Памятник В.И.Ленину,73.6078873,56.46176027,51
Жилой дом,73.391685,54.978369,12
"Бюст Героя Советского Союза Кропотова Михаила Васильевича, уроженца с. Седельниково",75.303731,56.945387,69
Здание,73.375228,54.980833,23
Особняк,73.377689,54.994625,94
"Могила красноармейца, погибшего на посту у разъезда 47 в феврале 1921 года",71.350344,55.568853,53
Никольское городское мужское училище,73.386987,54.97839,12
Могила Героя Советского Союза Бориса Григорьевича Шаронова,73.36621176,55.03350323,47
"Могила Героя Социалистического Труда, партийного работника Сергея Ивановича Бабичева",73.366568,55.033682,47
Памятник В.И.Ленину,74.79569054,54.15235571,19
Могила Героя Советского Союза  Николая Николаевича Савиных,73.366568,55.033682,47
Особняк,73.388604,54.986552,18
Церковь Николаевская,71.9407008,55.44270692,80
"Братская могила борцов за Советскую власть, расстрелянных белогвардейцами в 1918 г.",71.94513846,54.93498093,57
Здание городского приходского училища,73.371069,54.999914,94
"Обелиск в честь земляков, погибших в годы Великой Отечественной войны 1941-1945 года",73.88182921,53.77993813,19
Здание торговой фирмы,73.375156,54.990127,45
"Обелиск землякам, погибшим в годы Великой Отечественной войны 1941-1945 гг.",74.93903236,55.42883625,26
"Дом культуры ""Строитель""",73.287795,55.035235,31
Дома купца Липатникова,73.376117,54.98913,45
"Памятник омским речникам, погибшим в годы Великой Отечественной войны",73.339143,55.010354,67
Деревянный дом в Тюкалинске,72.196207,55.873157,2
"Памятник Роману Сергеевичу Рассохину - первому председателю Русско-Полянского Совета, расстрелянному белогвардейцами 12 ноября 1919 года",73.87759132,53.78234322,19
"Обелиск землякам, павшим в годы Великой Отечественной войны 1941-1945",73.56524061,54.20306509,81
"Дом, где помещался штаб восстания 22 декабря 1918 г.",73.328462,54.939796,92
"Дом, где размещалась конспиративная квартира и штаб района восстания 22 декабря 1918 года",73.369892,54.996588,45
Дом жилой Блендовского,72.196333,55.874087,2
Деревянный дом в пос. Большеречье,74.641493,56.095835,16
"Памятник землякам, погибшим в годы Великой Отечественной войны 1941-1945 гг.",71.51497255,56.01053863,53
Памятник В.И.Ленину,72.19284826,55.87232968,2
Здание высшей школы милиции,73.378938,54.971109,66
Могила заслуженного врача РСФСР Виктора Алексеевича Лекомцева,75.22220157,56.35913201,4
"Братская могила 49 борцов за власть Советов, погибших в 1919 г.",72.19346406,55.87153494,2
Место расстрела в 1919 году белогвардейцами политзаключенных в Загородной роще. На этом месте установлен обелиск,73.33724858,55.01221047,67
Училище городское двухклассное,72.193,55.870228,2
Здание 2-й женской гимназии,73.391083,54.981014,66
Здание бывшего Омского окружного суда,73.388918,54.982977,66
"Памятник землякам, погибшим в годы Великой Отечественной войны 1941-1945 гг.",74.80058289,54.15408124,19
Жилой дом,73.37733,54.97329,12
Могила Героя Советского Союза Андрея Дмитриевича Фролова,71.29215132,54.92464341,10
"Братская могила крестьян, расстрелянных колчаковцами в 1919 г.",75.18851959,55.5275402,52
Памятник В.И.Ленину,74.36333367,55.37207284,26
Дом жилой купца И.С.Савельева,72.190907,55.871455,2
"Магазины торгового дома ""Э.А.Блендовский и сыновья""",72.196369,55.87388,2
Мемориал «Слава Героям»,73.382307,54.955065,39
Дома купца Липатникова,73.375812,54.988861,45
"Обелиск землякам, погибшим на фронтах Великой Отечественной войны 1941-1945 гг.",73.63864327,54.58529278,41
"Коммерческий клуб, дом купца Кузьмина",73.375668,54.981231,66
Здание бывшего коммерческого училища,73.380411,54.996139,45
Доходный дом С.Кадыша,73.383636,54.983804,66
Здание интендантства,73.374509,54.990437,45
"Обелиск землякам, погибшим в годы Великой Отечественной войны 1941-1945 гг.",72.39514255,54.62769438,54
"Могила Ивана Генриховича Якобсона, погибшего во время Ишимского восстания",70.995043,55.99947,89
Баня Колокольникова,73.384238,54.984879,66
Дома купца Липатникова,73.376252,54.988396,45
"Братская могила борцов за Власть Советов, растрелянных колчакавцами в 1919 году",74.68205261,56.42910044,34
"Братская могила 26-ти крестьян, расстрелянных белогвардейцами в 1919 г.",73.60880998,56.46253838,51
Корпус № 2,72.196369,55.87388,2
Здание бывшего военно-окружного ветеринарного управления,73.351961,54.996092,56
Корпус № 1,72.196369,55.87388,2
Здание казначейства,74.3802,56.89970697,40
Дом купца Волкова,72.193278,55.865515,2
Жилой дом - памятник архитектуры стиля модерн,73.37397,54.993458,46
Торговый дом М.А.Левина,73.379297,54.984615,66
"Памятник В.И.Ленину, автор - скульптор Меньшов",74.63745448,56.09179953,16
Вокзал речной,73.3715,54.980472,56
Особняк купеческий,73.39054192,54.97773151,75
"Дом, где в 1919-1923 годах размещался штаб отряда ЧОН",74.38022807,56.89699977,40
"Могила солдата-фронтовика, растрелянного за срыв мобилизации в белую армию в 1919 году",74.06956433,55.80818942,33
"Жилой дом, 1915 г.",73.37698,54.974633,65
Конюшня деревянная,72.19885724,55.87812684,2
Могила организатора нефтеперерабатывающей промышленности СССР Александра Моисеевича Малунцева,73.36648217,55.03371897,47
Братская могила участников Марьяновского боя в 1918 г.,72.64199837,54.96067033,3
Кухня и столовая Омского резервного батальона,73.36301229,54.9853131,56
"Здание, где размещалось конструкторское бюро советсткого авиаконструктора А.Н. Туполева и  бывал советсткий ученый С.П. Королев и другие авиаспециалисты",73.381516,54.980575,65
"Особняк  Машинского, памятник архитектуры, XIX век",74.385608,56.89706,40
Здание 11 стрелковой артиллерийской бригады,73.384292,54.977728,65
Совет народного хозяйства,73.37057225,54.98493806,56
Бывшая водонапорная башня,73.384525,55.001427,46
Казарма дисциплинарных рот ,73.36454652,54.98587763,56
Особняк Шанявской,73.366451,54.997471,46
Бывшая Скорбященская церковь на территории военного госпиталя,73.37861853,54.99206682,46
Старый корпус 1916 года бывшая Скорбященская церковь на территории военного госпиталя,73.3768692,54.99344104,46
Памятник В.И.Ленину,73.37291,54.986423,56
"Жилой дом, памятник архитектуры",74.38907709,56.88875362,40
Арсенал для запасного оружия,73.36294256,54.98534086,56
Кинотеатр «Октябрь»,73.38243045,54.94109657,39
Изба крестьянина Г.В.Зубова,74.07582424,55.81169537,33
"Могила красногвардейца Березенко, убитого белогвардейцами в 1919 году",74.62300476,56.57979019,34
"Жилой дом, памятник архитектуры XIX века",74.383111,56.893702,40
"Могила солдата-фронтовика Телятникова, расстрелянного белогвардейцами в 1919 году",74.0694785,55.80814108,33
Особняк купеческий,73.39055509,54.9775392,75
Особняк,73.374213,54.979175,24
Бюст В.В.Куйбышеву (автор - Бугаенко Ф.Д.),73.39778042,54.97425939,75
"Особняк Балыкова, памятник архитектуры, XIX век",74.38632164,56.89833797,40
Могила Героя Советского Союза Федора Федосеевича Нетесова (1921-1944),74.40880551,54.23264273,19
"Место, где стоял поезд, в котором располагался штаб 5-ой Армии. Отсюда была дана телеграмма В.И.Ленину об освобождении Омска от колчаковцев",72.646667,54.956053,57
"Обелиск землякам, погибшим в годы Великой Отечественной войны 1941-1945 гг.",73.61769376,55.87674949,51
"Обелиск землякам, погибшим на фронтах Великой Отечественной войны 1941-1945 годов",74.694009,54.169416,19
"Вокзал и водонапорная башня , где располагался штаб и наблюдательный пункт красногвардейского отряда в Марьяновском бою 1918 г.",72.63848001,54.95816513,3
Бюст Н.Козицкому,73.376998,54.996459,46
"Дом Орлова, памятник архитектуры XIX в.",74.38609158,56.8964785,40
"Здание школы, где в 1927-1936 гг. учился Герой Советского Союза Петр Ермолаевич Осьминин",74.58376454,55.05070774,58
"Денежная кладовая, 1786 г.",73.36294256,54.98530076,56
Комплекс застройки торговых рядов Любинского проспекта,73.3769223,54.98195775,65
Деревянный дом в Тюкалинске,72.197168,55.862398,2
Дом Н.В.Кузьминой,73.375911,54.984186,29
Магазин В.И.Чередова,74.225268,55.850747,33
Дом Деева,74.38753,56.89259628,17
Каменное здание,74.38285554,56.8939401,17
Деревянный дом в Тюкалинске,72.19141,55.862434,2
Жилой дом ,74.388069,56.894759,17
Комплекс историко-революционных памятников железнодорожной станции Омск,73.38596268,54.93966684,39
Дом жилой офицеров,72.199459,55.879162,2
"Братская могила 7 партизан, убитых белогвардейцами",71.19628158,55.32907333,10
"Здание, где 3 марта 1917 года состоялось первое заседание Омского Совета рабочих депутатов",73.385532,54.982327,24
Дома и магазин купца Волкова С.С.,73.364529,54.99444,62
Здание правления Кузнецких каменноугольных копий с росписями на фасаде,73.365059,54.993551,62
Ансамбль Омского среднего сельскохозяйственного училища,73.31421244,55.02278568,31
Могила Михеева Павла Григорьевича (1957) - первого Героя социалистического труда района,71.29232298,54.92498944,10
"Здание, где в годы Великой Отечественной войны 1941-1945 г. размещался госпиталь, находился на излечении в 1942 году и  работал академик Н.Н.Бурденко",73.37291,54.986423,29
"Здание бывшего железнодорожного училища, в котором в 1902-1905 гг. учились А.А.Карлов, член партии с 1906 г. и в 1928-1929 гг. - Герой Советского Союза Байдуков",73.382693,54.935431,39
"Магазин В.Морозова с сыновьями и ""Волжско-Камский коммерческий банк""",73.375048,54.984052,29
Кинематограф,73.374051,54.983959,29
Каменное здание,74.38246395,56.89482847,17
Каменное здание,74.38373554,56.89359296,17
Дом жилой,73.357899,54.99635,61
Магазин М.А. Шаниной,73.374545,54.98618,29
Флигель,72.199459,55.879162,2
"Могила большевика (неизвестного), погибшего от рук колчаковцев в 1918 г.",73.96100635,56.57122928,51
Каменное здание,74.37920127,56.8980941,17
"Жилой дом, памятник архитектуры, XIX в.",74.3780723,56.89161581,17
Здание бывшей церкви Казанского женского монастыря,73.354531,54.905638,92
Дом жилой купца Мягкова,73.399716,54.990519,24
Здание Омской железнодорожной больницы,73.39473095,54.93738098,39
Дом с 4 квартирами (по 25 кв.саж.) Омского с/х училища,73.310271,55.022897,31
Административное здание - 1916 г.,73.36302,54.988882,62
Здание Товарищества братьев Овсянниковых  и  Ганшина,73.374069,54.985726,29
Омское сельскохозяйственное училище. Электростанция,73.309624,55.022835,31
Больница Омского с/х училища,73.312957,55.024647,31
Дом с 8 квартирами (по 25 кв. саженей) Омского сельскохозяйственного училища,73.31063036,55.02196567,31
Особняк,73.385037,54.981298,24
Главный дом,72.199459,55.879162,2
Могила  народного артиста РСФС-актера Петра Сергеевича Некрасова,73.36428057,55.03241558,47
Кушкайлинский форпост - первое поселение района,73.56822648,55.60638134,91
"Здание суконной фабрики, первая половина XIX века",73.38165845,54.97732588,24
Памятник архитектуры-бывшая казенная палата,73.364125,54.990395,62
Деревянный дом в г. Таре,74.383802,56.896922,17
"Могила Героя Социалистического Труда, механизатора  Матвея  Кондратьевича Комлева",73.36605302,55.03341086,47
Комплекс зданий,73.37671,54.980792,29
Здание бывшей городской думы,73.381435,54.983225,24
"Учительская семинария, в которой учились казахские писатели С.Сейфуллин и Нурманов, работал А.Н.Седельников",73.395826,54.970587,75
Магазин,73.375911,54.984186,29
Памятник архитектуры,73.386403,54.975295,24
Деревянный дом в Тюкалинске,72.192766,55.875834,2
Памятник В.И.Ленину,74.08897126,55.00223987,58
Дом культуры им. Лобкова,73.38321972,54.93792827,39
Здание вокзала,73.3859689,54.93961782,39
Участок сибирского тракта,73.41366181,55.81096184,51
Усадьба Л.К.Адельсона: Дом жилой ,73.38563,54.981407,24
Деревянный дом в г. Таре,74.383479,56.896804,17
Жилой дом с мезонином (деревянный),73.38051,54.97454,23
Дом для служащих при постройке Омского с/х училища,73.314367,55.021906,31
Бюст Героя Советского Союза Ивана Ивановича Стрельникова,75.07978087,54.84034598,26
Дом с 12 квартирами Омского сельскохозяйственного училища,73.309705,55.021653,31
Здание военкомата Омского района (дерево),73.393203,54.98774,24
Место боя партизан с белогвардейцами 24 августа 1918 года,71.26129192,55.52421475,87
"Здание ветеринарного института, где в 1923 году выступал Луначарский Анатолий Васильевич и в годы Великой Отечественной войны размещался госпиталь",73.360756,55.000048,62
Памятник В.И.Ленину,73.87961907,53.77742169,19
Здание курсов облавтоуправления,73.399761,54.97036,23
Дом архитектора Омского с/х училища,73.314367,55.02139,31
Бюст Герою Советского Союза В. Горячеву,73.271949,55.044567,31
Особняк,73.377572,54.975305,24
"Усадьба Л.К.Адельсона: Дом доходный, в котором размещалось 13-е мужское училище",73.385684,54.981226,24
Памятник  В.И.Ленину,71.93283249,54.93921846,57
Братская могила партизан - место боя партизан с колчаковцами в 1919 г.,74.58472,56.879771,40
Здание,73.37990281,54.98017024,23
Дом с 4 квартирами (по 35 кв.саженей) Омского сельскохозяйственного училища,73.313792,55.023212,31
"Могила народного художника РСФСР, заслуженного деятеля искусств РСФСР Кондратия Петровича Белова ",73.366568,55.033682,47
Памятник В.И.Ленину,71.26250755,54.91416232,10
Здание,73.381345,54.970613,23
Здание,73.380869,54.970587,23
Дом жилой  со столярно-кузнечной мастерской С.И.Иванова,73.365104,54.996118,62
Дом доходный Н.Н.Машинского,73.37812,54.97438,23
Дом-памятник архитектуры,73.363172,54.989946,62
Здание бывшего реального училища Лимонова,73.378884,54.974225,23
Могила новатора сибирского садоводства Александра Дмитриевича Кизюрина,73.366568,55.033682,47
"Братское кладбище советских воинов, умерших в госпиталях города Омска в 1941-1946 годах",73.3643069,55.03240947,47
"Мемориал памяти воинам-землякам, участникам Гражданской и Великой Отечественной войн",74.56536709,55.06333392,26
"Мемориальный сквер ""Памяти борцов революции""",73.377366,54.981691,63
Место расстрела партизан белогвардейцами в сентябре 1919 г.,73.62189916,56.47200505,51
Бывшая церковь во имя Св. Николая,73.395341,55.004231,63
"Памятник землякам, погибшим в годы Великой Отечественной войны 1941 - 1945 гг.",71.26724969,54.91532736,10
"Место, где располагались боевые позиции партизан при обстреле колчаковских пароходов, идущих по Иртышу",74.56309067,56.87732733,40
"Братская могила красногвардейцев, расстрелянных белогвардейцами в 1918 году",74.67796751,56.24567047,16
"Братская могила 6-ти красноармейцев, погибших в 1919 году боях с белогвардейцами",72.69000755,55.15243687,57
"Памятник землякам, погибшим на фронтах Великой Отечественной войны в 1941-1945 гг.",72.6923518,55.15613225,57
Памятник В.И. Ленину,73.55580331,54.2053915,81
Мемориал памяти подвигу рабочих завода им. Куйбышева в тылу и на фронтах Великой Отечественной войны,73.37901653,55.00348034,63
"Памятник труду первоцелиников - трактор ДТ-54 на пьедестале, установленный в 10 годовщину освоения целины",74.49494271,54.05199829,19
Место казни 49 борцов за власть Советов,72.19290616,55.86596079,2
"Братская могила, в которой похоронены коммунист Э.Ф. Яузем, комсомолка Л. Крингель, А.Я. Яузем, погибшие в 1921 г.",71.263522,55.755464,87
"Братская могила борцов за Власть Советов, погибших в годы гражданской войны",74.56540277,55.06334637,26
Здание бывшей табачной фабрики Серебрякова,73.393122,54.983081,63
Дом жилой Ю.И.Гвоздярской,73.368877,54.995163,63
Дом жилой,73.382109,54.996702,61
Могила народного артиста РСФСР  Алексея Федоровича Теплова,73.385918,55.032887,28
"Село Чекрушево - первая русская крестьянская деревня Прииртышья,  основанная в 1600 г.",74.270165,56.916935,85
"Памятный знак в память строителей, погибших в годы Великой Отечественной войны 1941-1945 гг.",73.431444,54.949994,25
Могила Героя Советского Союза Алексея Петровича Дмитриева,73.385918,55.032887,28
Моглила Героя Советского Союза  Ивана Михайловича Шпигунова,73.385918,55.032887,28
"Могила советского скульптора, писателя  Петра Петровича Карякина",73.528076,55.003136,74
"Могила народного артиста РСФСР, заслуженного деятеля искусств Якова Марковича Киржнера",73.385918,55.032887,28
Участок Московско-Сибирского тракта,74.61528,56.580406,34
Деревянный дом в Тюкалинске,72.191913,55.870612,2
Лагерь и казармы 11-й стрелковой артиллерийской бригады: Управление бригады,73.382226,54.97763,37
Могила народного артиста РСФСР Ножери Давидовича Чонишвили,73.385918,55.032887,28
Братская могила партизан,74.892276,57.166691,52
"Могила Героя Социалистического Труда, партийного и советского работника  Тихона Петровича Шумакова",73.385918,55.032887,28
Могила Заслуженного артиста РСФСР  Виктора Дмитриевича Лаврова,73.385918,55.032887,28
Складское помещение,73.334274,55.035276,28
"Могила Героя Социалистического Труда, организатора с/х производства Артура Петровича Майорова",73.385918,55.032887,28
Бывшая ветеринарно-фельдшерская школа,73.359346,55.003637,37
"Здание железнодорожного вокзала, возле которого в 1923 году выступал с речью Михаил Иванович Калинин",74.581782,55.052608,58
"Ров и вал Волчьего редута, снованного  в XVIII веке",72.019167,55.00581,54
"Могила Героя Социалистического Труда, заслуженного строителя РСФСР  Михаила Федоровича Жука",73.385918,55.032887,28
"Здание бывшей Калачинской МТС - первой МТС Омской области, созданной в 1930 году",74.567768,55.047038,58
Могила контр-адмирала Алексея Модестовича Лаврова,73.385918,55.032887,28
Лавка С.Ж.Кожевникова,74.206439,55.845188,33
Могила Заслуженного строителя РСФСР Берко Шмулевича Цемента,73.385918,55.032887,27
"Памятник учителям и ученикам школы №  37, погибшим в годы Великой Отечественной войны 1941-1945 гг.",73.391083,54.981014,37
Памятник В.И. Ленину,73.415167,54.96054,25
Могила русского поэта Тимофея Максимовича  Белозерова,73.528076,55.003136,74
Братская могила партизан,74.724695,57.043654,0
"Чекрушанская пашня - первое русское пашенное поле на территории Омского Прииртышья, распаханное в 1599 году",74.270165,56.916935,85
Могила Героя Социалистического Труда токаря  Василия Васильевича Назарова,73.385918,55.032887,27
"Дом, где в 1917-19 годах размещался волостной Совет крестьянских депутатов",73.011069,55.204608,3
"Ров и вал Николаевской крепости, основанной  в XVIII веке",71.621384,55.028326,54
Ветряная мельница - ХIХ век,72.312808,55.346317,54
"Степной редут, основанный в XVIII веке",72.826986,55.033063,3
Могила основателя Омского русского народного хора  Елены Владимировны Калугиной,73.385918,55.032887,27
Могила  заслуженного артиста РСФСР  Владимира Ефимовича Володина,73.385918,55.032887,27
Особняк ,73.385774,54.98088,37
"Могила  ученого почвоведа, члена-корреспондента ВАСХНИЛ Константина Павловича Горшенина",73.385918,55.032887,27
Могила Героя Советского Союза  Ивана Васильевича Глушкова,73.385918,55.032887,27
"Могила  Героя Социалистического Труда, партийного работника  Платона Андреевича Деделова",73.385918,55.032887,27
Могила Героя Советского Союза  Михаила Елисеевича Малиновского,73.385918,55.032887,27
"Мельница, где в 1920 г. Работал Иосиф Броз-Тито",72.652165,54.801384,3
Памятник комсомолке-учительнице Л.П.Разгуляевой,74.513294,57.119224,40
"Школа, где работал учителем Смирнов Михаил Мартынович, погибший от рук кулаков в годы коллективизации в 1928 году",74.459755,55.060049,26
Могила  Героя Советского Союза  Михаила Ивановича Кучерявенко,73.385918,55.032887,27
Могила Героя Советского Союза   Петра Георгиевича Косенкова,73.385918,55.032887,27
Могила народного артиста СССР  Александра Ивановича Щеголева,73.385918,55.032887,27
"Здание летно-технического училища, где в годы Великой Отечественной войны работал А.Н. Туполев",73.327806,54.95429,37
"Здание одной из первых в области Кормиловской МТС, основанной в 1929 г.",74.100258,55.002909,58
"Братская могила 18 партизан, погибших в сентябре 1919 г. от колчаковских карателей",72.161712,56.782396,0
Бывшая ветеринарная лечебница,73.359346,55.003637,37
"Старая часть гарнизонного военного госпиталя, в котором в 1850-1854 гг. бывал писатель Фёдор Михайлович Достоевский",73.377123,54.992745,37
Крепость,73.33307,54.897982,36
"Клуб железнодорожников, одно из первых клубных зданий области, открыто в 1926 г.",71.262354,54.911342,10
"Братская могила советских активистов, расстрелянных колчаковцами в 1920 году",75.575768,56.346272,4
"Братская могила 4-х крестьян, расстрелянных белогвардейцами в 1918 году",70.829717,55.768066,87
"Могила заслуженного врача РСФСР Тараса Васильевича Кривцова, 1880-1955 гг.",75.236357,56.371256,4
"Здание школы № 1, где в годы Великой Отечественной войны располагался госпиталь",71.268562,54.919094,10
"Могила милиционера  Василия Евгеньевича Николаева, погибшего от рук кулаков в 1929 г.",75.856303,56.393135,79
Лагерь и казармы 11-й стрелковой артиллерийской бригады,73.411457,54.978033,37
Особняк купца Артемова,75.248431,56.375324,4
Казармы,73.383456,54.977186,37
Особняк купчихи Яровой,75.247398,56.37322,4
"Могила председателя Пореченского сельсовета Шиманского Виктора Эммануиловича, погибшего в 1929 г.",74.944944,56.57881,0
"Могила заместителя председателя сельсовета Виктора Константиновича Леонова, погибшего в годы коллективизации",75.053514,56.414379,4
Лагерь и казармы 44-го Сибирского стрелкового полка,73.401917,54.953271,25
Дом жилой офицеров,73.396491,54.955055,25
Дом жилой офицеров,73.396886,54.954052,25
Дом жилой офицеров,73.397174,54.953282,25
Офицерское собрание,73.400794,54.952589,25
Дом жилой офицеров,73.401414,54.952816,25
Казармы,73.383115,54.976623,37
Памятник на месте последнего боя интернационального отряда Кароя Лигети в июне 1918 г.,75.381543,56.332546,4
Больница,73.401647,54.952284,25
Дом жилой офицеров,73.397829,54.953385,25
Особняк купчихи О.Г. Поцелуевой,75.252779,56.376461,4
Дом жилой офицеров,73.402734,54.952977,25
"Обелиск землякам, погибшим в годы Великой Отечественной войны 1941-1945 гг.",71.164824,57.691896,70
"Могила командира партизанского отряда - венгра-интернационалиста К. Балука, погибшего в 1919 г.",71.182485,57.693556,70
"Памятник землякам, погибшим в Великой Отечественной войне 1941-1945 годов",72.92227,55.241796,3
Могила Героя Социалистического труда Болдыревой Любови Петровны,72.792077,55.195313,3
Дом жилой офицеров,73.39668,54.954548,25
"Школа, где учился Герой Советского Союза Тытарь Владимир ",73.557792,54.205568,81
"Могила краеведа, собирателя фольклора Ивана Семеновича Коровкина",72.693038,55.153714,57
"Братская могила красногвардейцев, погибших в боях с белогвардейцами у ст. Драгунская в 1919 году",72.075914,55.349506,80
"Дом, где в 1917-18 гг. размещался волостной Совет крестьянских депутатов",72.627057,55.399586,3
Могила Героя Социалистического Труда Никифорова Константина Дмитриевича,72.792077,55.195313,3
Бюст В.И. Ленина,73.492054,54.985204,74
Деревянная церковь,74.167946,57.559264,0
Покровская церковь,75.557002,56.341129,79
"Могила председателя колхоза Рубина Леонида Тимофеевича, погибшего в 1932 году от рук кулаков",72.315225,55.45454,52
"Обелиск землякам, погибшим в годы Великой Отечественной войны 1941-1945 гг.",73.18041,54.07243,19
"Могила председателя Еланского с/Совета А.П. Шутова, убитого кулаками",72.629096,56.94845,73
"Юйськовский форпост - первое поселение района, основанное в 1741 году",73.471985,56.383453,51
"Обелиск землякам, погибшим в годы Великой Отечественной войны 1941-1945 гг.",73.644929,56.140735,51
Памятник С.М. Кирову,73.327608,54.927682,36
"Юрта, в которой жили первые целинники совхоза «Целинный»",74.316393,53.949958,52
"Ачаирский форпост - одно из первых поселений, основанный в 1720 г.",73.877566,54.658292,41
"Мемориал в память рабочих и служащих завода, погибших в годы Великой Отечественной войны 1941-1945 годах",73.368212,54.989342,22
Могила П.Л. Драверта,73.470072,54.987368,74
"Мемориальный комплекс в честь рабочих завода, погибших в годы Великой Отечественной  войны 1941 - 1945 гг.",73.427564,54.9473,68
Место стоянки отряда Ермака,72.80089,57.408623,70
"Братская могила партизан, погибших в 1919 г. от колчаковских карателей",72.161712,56.782396,0
Братская могила жертв колчаковского террора,72.310473,54.951157,57
"Братская могила партизан, растрелянных белогвардейцами в 1919 году",73.610964,57.199301,59
Памятник В.И. Ленину,75.250964,56.376615,4
Здание первой коммунальной электростанции,74.639005,56.091597,16
Памятник  В.И. Ленину,72.629096,56.94845,70
Магазин купца Яркова,74.687433,56.41894,34
Мемориал погибшим землякам в годы Великой Отечественной войны,72.337099,55.991496,60
"Братская могила 18 партизан, погибших в сентябре 1919 г. от колчаковских карателей",72.161712,56.782396,0
Жилой дом А.Г. Ивановой,74.457877,55.922116,33
Могила писателя Михаила Игнатьевича Рассказова,72.882655,57.039027,59
Место переправы через р. Иртыш писателя Антона Павловича Чехова по пути на Сахалин,74.681252,55.93956,33
"Памятник рабочим и служащим завода, погибшим в годы Великой Отечественной войны 1941-1945 гг.",73.390302,54.936683,68
Деревянная мечеть начала ХIХ века,75.390131,56.356363,4
"Мемориал землякам, погибшим в годы Великой Отечественной войны 1941-1945 гг.",73.03155,54.948091,57
"Памятник Герою Советского Союза Романенко Алексею Федосеевичу, погибшему в 1944 году",73.641372,55.598629,91
Дом жилой купеческий,72.192192,55.871572,60
"Устье реки Шиш - южный пункт на Иртыше, куда доходил отряд Ермака в 1584 году",73.379719,57.325741,59
"Чернолуцкая слобода - одно из первых поселений края, основанная в 1718 году",73.012147,55.240846,3
Церковь (деревянная),72.663178,57.601949,0
"Усть-Заостровский станец - одно из первых поселений, основанный в 1721 году",73.60322,54.765597,41
Могила Героя Социалистического труда Архипенко Александра Тимофеевича (1975 г.),71.568096,54.91972,10
"Обелиск омичам, погибшим в годы Великой Отечественной войны 1941-1945 годов",73.424671,54.986056,68
"Братская могила  партизан, погибших летом и осенью 1919 года  в боях с колчакавцами",75.734509,56.935075,79
"Место, где в Степном бастионе бывшей Омской крепости размещался каторжный острог и отбывал в 1850-1854 гг. ссылку  Федор Михайлович Достоевский",73.365903,54.987859,22
Памятник В.И. Ленину,72.465459,55.028027,54
Дом жилой купцов Волковых (полицейское управление),72.190431,55.874031,60
"Такмыкская слобода - одно из первых поселений, основанное в 1682 г.",74.678225,56.246005,34
"Могила А.Ф. Блусевич, члена партии с 1904 г., секретаря железнодорожного райкома в 1917-1920 гг.",73.359669,54.911202,36
"Здание районной библиотеки - одной из первых библиотек в области, основанной в 1912 году",72.187583,55.873713,60
"Дом, в котором в мае 1918 года размещался волостной исполком Советов крестьянских депутатов",75.292242,56.952564,69
"Памятник рабочим и служащим завода, погибшим в годы Великой Отечественной войны",73.401099,55.007716,22
Стела в честь награждения Омской области орденом Ленина и г. Омска Орденом Трудового Красного Знамени,73.370736,54.990194,22
Мельница купца Колокольникова,73.327536,54.936631,36
"Могила 27 советских воинов, умерших в госпиталях от ран в годы Великой Отечественной войны 1941-1945 гг.",73.359669,54.911202,36
Памятник борцам революции,75.254827,56.374746,4
"Монумент землякам, погибшим в годы Великой Отечественной войны 1941-1945 гг.",75.251539,56.367632,4
"Обелиск землякам, погибшим на фронтах Великой Отечественной войны",72.617409,56.957595,73
Церковь Троицкая,72.827597,57.669521,0
Жилой дом К. Полтавского,74.457877,55.922116,33
Место расстрела политзаключенных в старом питомнике,73.368212,54.989342,22
"Место проведения в городе Омске в 1920 году первого субботника, установлена мемориальная доска",73.339376,55.010297,22
Памятник В.И. Ленину,73.822113,57.129958,59
Памятник В.И. Ленину на площади имени Ленина (автор Абдурахманов),73.378866,54.982006,22
"Обелиск землякам, погибшим в годы Великой Отечественной войны 1941-1945 гг.",72.709864,55.64477,52
Бюст изобретателя радио А.С. Попова,73.437822,54.98897,68
"Памятник партизану, комиссару отряда, члену партии с 1917 года Георгию Федоровичу Захаренко",75.289259,56.945991,69
"Обелиск в память восстания в 1919 году на пароходе ""Иртыш""",73.295296,54.935829,36
"Обелиск А.Н. Радищеву, установленный в память его следования в ссылку",74.757834,56.155618,16
"Здание первой сельской школы, основанной в 1900 году",71.761988,54.365684,10
Обелиск в память об Александре Николаевиче Радищеве,72.882655,57.039027,59
Больница железнодорожная,73.394452,54.936998,68
Памятник В.И. Ленину,72.964473,54.211413,81
"Участок сибирского тракта, проложенный в 1759 году",71.067411,56.102714,53
"Братская могила 19 красноармейцев, погибших 14 ноября 1919 г. в Сыропятском бою",73.630547,54.791731,41
Изба крестьянина А.П. Миронова,74.457877,55.922116,33
"Место Усть-Ишимского острожка, основанного в 1631 г.",71.164699,57.690699,70
Церковь (деревянная),72.871686,57.639419,0
Памятник Герою Советского Союза Сергею Пономаренко,72.652165,54.801384,3
"Дом, где в ноябре 1919 года размещался штаб 51-й дивизии",74.680336,56.421728,34
"Памятник воинам, погибшим в Великой Отечественной войне 1941 - 1945 гг.",72.475484,57.45117,70
Обелиск Герою Советского Союза Сергею Иванову,72.518828,56.550132,59
Могила полного кавалера ордена Славы Гетмана Михаила Романовича (1912-1960),71.150119,54.968825,10
Могила А.Ф. Палашенкова,73.470072,54.987368,74
Дом А.М. Балова,74.430218,55.906819,33
"Обелиск землякам, погибшим на фронтах Великой Отечественной войны 1941 - 1945 гг.",72.629096,56.94845,73
Памятник В.И. Ленину,73.364214,54.989373,22
"Братская могила партизан, растрелянных белогвардейцами в 1919 году",73.517368,57.358036,0
"Обелиск землякам, погибшим в годы Великой Отечественной войны 1941-1945 гг.",75.066917,54.842024,26
Памятник Герою Советского Союза Сергею Ильичу Ермолаеву (1924-1945),71.446464,54.936615,54
"Ров и вал Степанихинского форпоста - памятник военно-оборонительного искусства, основанный ХVIII веке",71.076421,56.337746,52
"Памятник-скульптура ""Ленин с братом в годы юности""",73.394182,54.945097,68
"Обелиск в память рабочих и служащих крупзавода, погибших на фронтах Великой Отечественной войны",73.349006,54.939341,36
"Братская могила партизан, погибших в боях с белогвардейцами и умерших от ран в ноябре 1919 г.",71.322011,55.565483,87
Жилой дом (деревянный) дом XVIII века,75.245628,56.376899,4
"Обелиск воинам-землякам, погибшим в годы Великой Отечественной войны 1941 - 1945 гг.",73.822113,57.129958,59
"Могила партизан, погибших в 1918 году в боях с белогвардейцами",70.829717,55.768066,87
"Обелиск участникам Куломзинского восстания, погибшим в годы гражданской войны",73.223996,54.892048,36
"Мемориал воинам, погибшим в годы Великой Отечественной войны 1941-1945 гг.",73.461727,54.851531,36
Школа Церковно-приходская,72.192093,55.871996,60
Могила Иванова Григория Федоровича - Героя Социалистического труда (1910-1979),71.459139,54.894906,54
Памятник Герою Советского Союза Сергею Понамаренко,72.652165,54.801384,3
Петропавловский винокуренный завод,75.300461,56.40785,4
Могила первого председателя Черлакского Совета казачьих депутатов Мельникова Афанасия Егоровича,74.804456,54.155114,19
Памятник В.И. Ленину,73.351036,55.104574,22
"Обелиск землякам, учителям и ученикам средней школы, погибшим в годы Великой Отечественной войны 1941 - 1945 гг.",72.629096,56.94845,73
"Могила партизан М.В. Голубева и А.М. Сальникова, погибших в 1919 г.",72.090987,56.085475,60
Могила Петра Федоровича Гребенникова -  Героя Социалистического труда,71.761081,54.367656,10
"Такмыкская слобода - одно из первых поселений, основанное в 1682 г.",74.678225,56.246005,34
Памятник К. Лигети,73.368212,54.989342,22
Памятник В.И. Ленину,73.374725,55.012615,22
"Место расположения палаток первых комсомольцев, прибывших на строительство Омского нефтекомбината в 1956 г.",73.266262,55.038449,22
Бюст В.В. Куйбышеву,73.44129,54.989182,68
Могила Б.С. Вейсброда,73.470072,54.987368,74
"Участок Сибирского тракта. По этому тракту проезжал А.Н. Радищев, провозили Н.Г. Чернышевского, декабристов и других революционеров к месту ссылки",72.532896,56.965986,73
Могила Героя Социалистического Труда М.Д. Сергеева,72.378574,56.855398,73
"Памятник активисту Семену Павловичу Осипову, зарубленному колчаковцами в 1919 году",75.915268,56.591996,0
"Обелиск односельчанам, участникам гражданской войны",74.657914,56.527579,34
Братская могила борцов за Советскую власть,72.826986,55.033063,3
Памятник В.И. Ленину,71.761081,54.367656,10
"Мельничный редут, памятник военно-оборонительного искусства XVIII века",73.039447,55.023687,57
Место остановки отряда Ермака в 1584 г.,70.838915,57.729889,0
"Памятник землякам, погибшим в годы Великой Отечественной войны",73.67434,54.710027,41
"Обелиск на месте формирования 308-й дивизии, которая прошла боевой путь от Сталинграда до Берлина, получила звание Гвардейской, награждена 4-мя орденами",73.344613,54.881417,36
"Могила партизана Николая Федоровича Серегина, замученного колчакавцами",74.803935,56.373325,34
Бывшее здание Шкроевской церкви,73.39623,54.991568,35
Синагога,73.388514,54.981469,35
Покровская церковь,74.60956089,55.07784151,26
Церковь Николаевская,71.9407008,55.44270692,80
Бывшая Скорбященская церковь на территории военного госпиталя,73.37861853,54.99206682,35
Старый корпус 1916 года бывшая Скорбященская церковь на территории военного госпиталя,73.3768692,54.99344104,35
Здание бывшей церкви Казанского женского монастыря,73.354531,54.905638,35
Цейхгауз артиллерийский с церковью Преображения,73.36197876,54.98577839,35
Бывшая церковь во имя Св. Николая,73.395341,55.004231,35
Деревянная церковь,74.167946,57.559264,0
Покровская церковь,75.557002,56.341129,4
Деревянная мечеть начала ХIХ века,75.390131,56.356363,4
Школа Церковно-приходская,72.192093,55.871996,80
Церковь (деревянная),72.663178,57.601949,0
Церковь Троицкая,72.827597,57.669521,0
Церковь (деревянная),72.871686,57.639419,0
Рыболовная База,71.632653,56.04971,53
Платный водоем,73.94112,55.017063,35
U Pushkina,73.360565,54.992173,49
MP goroda Omska Park Kultury i Otdykha imeni 30-letiya VLKSM Obosoblennoe podrazdelenie Park Sovetskiy,73.283881,55.024818,49
У Любочки,73.374632,54.985964,49
Piratsky ostrov,73.352779,54.941053,49
Arlekin,73.387508,54.957459,8
Ракета космос-3м,73.446254,54.96916,8
Cathedral of the Assumption of the Blessed Virgin Mary,73.366838,54.990158,7
Сад Сибирь,73.420502,55.01606,49
Театр юного зрителя,73.379629,54.979062,7
Hockey Academy Avangard,73.305535,55.018891,7
Omsky oblastnoy muzey izobrazitelnykh iskusstv imeni M. A. Vrubelya,73.372606,54.988319,7
Восточная роща,73.467399,54.955826,49
MP goroda Omska Park Kultury i Otdykha imeni 30-letiya VLKSM Obosoblennoe podrazdelenie Park Sovetskiy,73.283881,55.024818,50
Восточная роща,73.467399,54.955826,50
Baza otdykha Politotdel,73.164707,55.208008,84
Serebryany bor,73.554303,55.140066,84
"Kommunalnik, sanatory-profilaktory",73.132986,55.332895,6
Cathedral of the Assumption of the Blessed Virgin Mary,73.366838,54.990158,7
Hockey Academy Avangard,73.305535,55.018891,20
BU Omsk Cycling Academy,73.360456,55.005182,20
Физкультурно-оздоровительный комплекс,73.250532,54.997149,20
Мечеть,74.371943,56.904883,15
сквер на площади Бухгольца,73.372945,54.980923,72
Церковь Христиан Адвентистов Седьмого Дня,74.366667,56.9,15
Сцена,73.336391,55.003528,72
Чадоград,73.287325,54.97217,72
Фрагмент реконструкции крепостной стены,74.387949,56.895822,85
Смотровая площадка,73.361626,54.984779,72
Starbricks,73.28675,54.972441,72
Советский пляж,73.28056,55.022215,71
Кировский пляж,73.354037,54.94079,71
Центральный пляж,73.359326,54.986958,71
Ostrov-piratov.com,73.352779,54.941053,71
Центральный пляж,73.35856046,54.987086,71
Экстрим Парк СибГУФК,73.487624,55.012872,71
Учреждение АО Газпромнефть - Онпз Соцкультбыт,73.122837,55.33395,72
Park kultury i otdykha,73.277987,55.02628,32
Химик,73.294613,55.042261,32
Мемориальная стела 75-й Гвардейской отдельной добровольческой бригаде,73.471315,54.972567,14
Парк Юннатов,73.392904,54.966949,14
Дворец культуры Железнодорожник,73.464304,54.923881,8
Park kultury i otdykha,73.33627,55.004633,14
Парк на Кольцевой,73.339901,55.016378,14
Villa Zoo,73.296092,54.983237,14
Detskiy Zoo,73.391433,54.967336,14
San InBev,73.200271,54.99552,32
Танк т-62,73.300345,55.038424,32
Actors ' club after name N. Chonishvili,73.378946,54.973707,7
Паровоз,73.451836,54.921639,8
Dramatichesky Litseysky teatr,73.359945,54.995658,14
Shinnik,73.435351,54.958885,8
Природный парк Птичья гавань,73.351187,54.972937,7
Achairsky Cross Monastery,73.817262,54.665662,7
Дворец молодёжи,73.279821,54.987557,14
Palace of culture of the Kirov district,73.32975,54.931394,8
Областной дендрологический сад им. Г. И. Гензе,73.33953,55.010907,7
Старый аэропорт,73.337443,54.951895,14
В. П. Горячев,73.276947,55.045282,32
Ф. М. Достоевский,73.367803,54.985135,14
Влюблённые,73.25159,55.034138,32
Аллея ветеранов,73.297321,54.991945,14
Собор Рождества Христова,73.290511,54.99414,32
Памятник Петру Ивановичу Багратиону,73.426776,55.027031,14
Парк имени 300-летия города Омска,73.285513,54.984124,14
Museum iskusstvo Omska,73.364445,54.98587,14
А. Ф. Романенко,73.469189,54.981534,14
Танк Т-62,73.309261,54.988233,14
Смотровая площадка,73.375288,54.97431,14
Салют Сибири,73.430635,54.966732,14
Spasskaya church,73.298589,55.047931,8
Петропавловский винокуренный завод,75.299586,56.409261,4
"Памятник воинам, погибшим в годы ВОВ 1941-1945 гг",73.423026,54.949357,8
Svyato-Nikolskiy the Men's Monastery,73.253132,55.211022,7
Стела город Омск,73.18557,55.008088,32
Церковь Архангела Михаила,73.460526,55.033676,8
Катамаран,73.425311,54.969006,14
Районный дом культуры,74.586558,55.048344,8
Памятник солдатам отечества,73.1736,54.950009,32
Омский кадетский военный корпус,73.346885,54.961043,7
Efes,73.2002,54.995741,32
Мемориальный комплекс Черёмушки,73.407885,54.849624,14
Кинотеатр,73.41266,54.949202,8
Svyatoy muchenitsy Tatiany Church,73.261383,55.026477,7
Домашняя пивоварня,73.305713,54.989782,14
Park kultury i otdykha,73.277987,55.02628,50
Park kultury i otdykha,73.33627,55.004633,50
Парк на Кольцевой,73.339901,55.016378,50
Природный парк Птичья гавань,73.351187,54.972937,7
Областной дендрологический сад им. Г. И. Гензе,73.33953,55.010907,7
Аллея ветеранов,73.297321,54.991945,50
Парк имени 300-летия города Омска,73.285513,54.984124,50
Салют Сибири,73.430635,54.966732,50
Benilyuks,73.356269,54.950076,84
Прииртышье,73.014762,55.280387,6
Turbaza Raduga,73.023031,55.243999,6
Euromed,74.033826,54.583407,6
Apart Hotel Linker Park,73.635634,54.760961,6
Baza Otdyxa Podsolnuxi,73.918671,55.036563,6
Baza otdykha im. A.I. Pokryshkina,73.015625,55.275906,6
Baza otdykha im Strelnikova,73.020803,55.248226,6
"Sanatory Kolos, otdel realizatsii putevok",73.379166,54.980168,6
Podgorodnyj,73.548707,55.142691,6
Альпийская деревня,73.60143,55.551391,6
Veselay ferma,73.382011,55.18169,6
Baza otdykha Zotino,74.232802,55.080492,6
Sanatory-profilaktory Zheleznodorozhnik,73.355903,54.919033,8
"Kommunalnik, sales department",73.379146,54.980552,6
Zhemchuzhina,73.91365,55.036555,6
Aelita profilaktory,73.024435,55.285313,6
Detsky sanatory № 1,73.373396,54.939223,8
Марина роща,73.106419,55.334854,6
Achairsky Cross Monastery,73.817262,54.665662,7
Собор Рождества Христова,73.290511,54.99414,7
Spasskaya church,73.298589,55.047931,8
Svyato-Nikolskiy the Men's Monastery,73.253132,55.211022,7
Церковь Архангела Михаила,73.460526,55.033676,8
Svyatoy muchenitsy Tatiany Church,73.261383,55.026477,7
Дворец культуры Железнодорожник,73.464304,54.923881,76
Actors ' club after name N. Chonishvili,73.378946,54.973707,20
Avangard Olympic Training Center,73.369265,54.936771,76
Shinnik,73.435351,54.958885,76
State Center of Folk Art of the Omsk Region,73.27779,55.029741,20
Iskra Sports Complex,73.406902,54.91874,20
Stadion Sibirsky Neftyanik,73.288473,55.024886,20
Stroitel,73.258571,55.040165,20
Dinamo Stadium,73.360347,54.988536,20
Yunost Stadium,73.414564,54.970031,20
Bouling-center Flagman,73.374587,54.994034,20
"ФГБОУ ВО СибГУФК, Легкоатлетический комплекс",73.431458,54.974229,76
Bouling-center Flagman,73.374587,54.994034,20
Omsky rechnoy port,73.365247,54.9344,76
Кировский пляж,73.354037,54.94079,86
Центральный пляж,73.359326,54.986958,86
Советский пляж,73.28056,55.022215,86
